{
  "project_info": {
    "project_number": "647592971587",
    "project_id": "book-app-c259c",
    "storage_bucket": "book-app-c259c.appspot.com"
  },
  "client": [
    {
      "client_info": {
        "mobilesdk_app_id": "1:647592971587:android:a66ffbcd290858ef30f3f6",
        "android_client_info": {
          "package_name": "com.example.book_app"
        }
      },
      "oauth_client": [
        {
          "client_id": "647592971587-3qb7upp3lntko2lna001ecii83i66kgf.apps.googleusercontent.com",
          "client_type": 3
        }
      ],
      "api_key": [
        {
          "current_key": "AIzaSyB9OjWMJke9ngItqHMSemfY0vTgZFXGr24"
        }
      ],
      "services": {
        "appinvite_service": {
          "other_platform_oauth_client": [
            {
              "client_id": "647592971587-3qb7upp3lntko2lna001ecii83i66kgf.apps.googleusercontent.com",
              "client_type": 3
            }
          ]
        }
      }
    }
  ],
  "configuration_version": "1"
}